"Header1";"Header2";"Header3";"Header4";"Header5";"Header6";"Header7";"Header8";"Header9";"Header10";"Header11";"Header12";"Header13";"Header14";"Header15";"Header16";"Header17";"Header18";"Header19";"Header20";"Header21";"Header22";"Header23";"Header24";"Header25";"Header26";"Header27";"Header28";"Header29";"Header30";"Header31";"Header32";"Header33";"Header34";"Header35";"Header36";"Header37";"Header38";"Header39";"Header40";"Header41";"Header42";"Header43";"Header44";"Header45";"Header46";"Header47";"Header48";"Header49";"Header50";"Header51";"Header52";"Header53";"Header54";"Header55";"Header56";"Header57";"Header58";"Header59";"Header60";"Header61";"Header62";"Header63";"Header64";"Header65";"Header66";"Header67";"Header68";"Header69";"Header70";"Header71";"Header72";"Header73";"Header74";"Header75";"Header76";"Header77";"Header78";"Header79";"Header80";"Header81";"Header82";"Header83";"Header84";"Header85";"Header86";"Header87";"Header88";"Header89";"Header90";"Header91";"Header92";"Header93";"Header94";"Header95";"Header96";"Header97";"Header98";"Header99";"Header100"
"6373";"5412";"7193";"4998";"976";"349";"734";"3238";"6053";"1119";"1537";"2169";"6010";"1091";"622";"5273";"7694";"9146";"3174";"9875";"2196";"596";"2509";"3824";"2650";"8033";"3689";"471";"3481";"9452";"3523";"5527";"9081";"3494";"6158";"1901";"2373";"4156";"5986";"1112";"6238";"9801";"2084";"2363";"3276";"3822";"908";"2880";"1859";"6800";"6454";"5600";"8957";"2500";"9611";"2810";"2699";"2545";"923";"6823";"136";"7124";"3474";"1292";"8183";"1558";"5124";"9251";"8198";"1091";"1804";"6479";"7181";"8723";"6099";"1279";"1038";"3458";"7830";"4268";"7912";"8787";"5859";"4271";"2019";"3764";"2829";"8908";"973";"1508";"7067";"979";"2069";"2484";"8365";"4227";"5487";"2407";"6849";"4585"
"4891";"7099";"6670";"5490";"8385";"9161";"8724";"8369";"5305";"3794";"9128";"1879";"6804";"3612";"2664";"6003";"711";"4790";"2908";"9597";"3618";"9405";"3278";"2468";"5680";"1285";"5700";"5600";"6087";"5248";"6122";"5597";"9672";"2032";"8594";"1953";"7639";"3800";"2130";"8242";"7868";"7536";"7071";"808";"2767";"6185";"172";"1070";"5143";"9883";"125";"12";"5060";"2122";"7742";"5977";"3151";"8183";"7513";"9336";"8355";"5694";"9763";"137";"542";"9649";"5120";"7331";"1010";"6731";"5519";"661";"6300";"6293";"8458";"8808";"3315";"7823";"3720";"9898";"6209";"7253";"4290";"2945";"8010";"6953";"5679";"1349";"2445";"6741";"371";"2016";"3944";"5767";"6623";"6212";"6285";"7615";"3321";"744"
"2848";"3451";"5127";"548";"3953";"582";"4623";"6289";"9242";"6249";"675";"3073";"5582";"9020";"4742";"8845";"3456";"2599";"9337";"3582";"7304";"9428";"5370";"2876";"7790";"3892";"7584";"1985";"6464";"7500";"9803";"8969";"5783";"862";"4219";"7978";"9962";"9824";"1427";"6315";"4624";"5594";"434";"1337";"5717";"1206";"350";"5815";"671";"9166";"7998";"2832";"7254";"7621";"8141";"3810";"8109";"4903";"5561";"5776";"1426";"4783";"702";"6437";"728";"7274";"3090";"8187";"9243";"2350";"9266";"4608";"6818";"6394";"4428";"5585";"9849";"3743";"9519";"9616";"7206";"8165";"7974";"4409";"7603";"1601";"8842";"9368";"6401";"39";"5499";"6058";"2296";"8846";"1685";"5237";"6874";"2403";"9070";"1562"
"2493";"5394";"3064";"9545";"6463";"5589";"6116";"6872";"1997";"468";"180";"3665";"8895";"2516";"2609";"8781";"9436";"556";"2164";"6755";"7442";"6944";"4373";"1464";"983";"2980";"7953";"5115";"1698";"7370";"6516";"3649";"6190";"5097";"2279";"2160";"7479";"6530";"991";"6407";"6958";"9123";"9799";"9034";"9854";"6543";"2277";"1572";"9624";"2581";"7331";"5834";"9294";"9671";"1192";"783";"176";"4380";"4234";"3471";"953";"4703";"6820";"5151";"2594";"6507";"899";"6144";"7066";"8970";"6576";"5557";"314";"1356";"5371";"4453";"2478";"5979";"4385";"3562";"817";"4678";"8096";"9123";"3299";"8677";"6994";"2957";"3346";"4149";"4791";"5362";"8678";"8337";"8403";"1926";"9745";"3578";"7442";"7843"
"5706";"9070";"2425";"5843";"8423";"2725";"3423";"6308";"7445";"7959";"3369";"687";"1445";"2751";"2743";"1795";"4079";"826";"4850";"7087";"4744";"7295";"3416";"3503";"7190";"3613";"6718";"4987";"1466";"9171";"4960";"6260";"7164";"9398";"125";"8944";"8430";"2690";"15";"8639";"3714";"1029";"699";"4040";"5721";"1616";"4089";"1683";"9538";"9388";"9860";"2430";"9403";"2734";"3434";"8262";"7088";"7276";"4250";"506";"7359";"5050";"1034";"3053";"8483";"8926";"3291";"6694";"8257";"4620";"734";"3146";"8525";"5137";"4873";"9869";"3640";"4992";"9482";"9274";"861";"4040";"9157";"8398";"3137";"3285";"7698";"7667";"7254";"7481";"512";"9810";"2810";"1890";"7777";"2539";"9989";"3035";"7573";"1086"
"6610";"5588";"703";"9182";"7399";"1641";"1424";"9580";"976";"5503";"799";"7709";"2515";"865";"1906";"4562";"2543";"5677";"8597";"7400";"4849";"3787";"2053";"9381";"8983";"9269";"1834";"1687";"5291";"3510";"649";"4265";"2975";"7375";"4573";"3758";"4138";"3302";"2912";"9734";"9286";"4683";"4451";"2790";"2248";"2351";"9300";"645";"4995";"543";"8047";"799";"5316";"7158";"2450";"859";"2827";"5671";"4380";"126";"1275";"8544";"2231";"8535";"7618";"4467";"6528";"1541";"827";"4289";"8932";"2048";"5908";"2969";"1380";"2971";"1089";"7395";"4567";"6530";"8654";"2423";"7498";"8859";"2380";"9968";"2312";"1040";"7069";"8489";"1121";"141";"8113";"2735";"4060";"6357";"1588";"6058";"283";"4854"
"7829";"178";"6109";"3396";"3960";"9705";"7057";"9366";"3349";"1296";"2964";"2254";"2457";"9763";"7930";"231";"8046";"5993";"9280";"1875";"218";"4020";"2297";"6670";"9254";"7087";"9910";"345";"6716";"5047";"9082";"3675";"3793";"7949";"8098";"5809";"2342";"3144";"1485";"5742";"6618";"5764";"1780";"8012";"6125";"4915";"9854";"1223";"2601";"419";"8025";"474";"6567";"7468";"2675";"7311";"1431";"9011";"5585";"3273";"5613";"8239";"5704";"5641";"5644";"5990";"5586";"6471";"5737";"441";"9201";"8523";"1769";"8912";"335";"4154";"160";"4137";"3312";"5798";"4613";"9836";"249";"9099";"6186";"2942";"1558";"2316";"4658";"2326";"8920";"8068";"1670";"6346";"2456";"6043";"8592";"4094";"6293";"7727"
"4606";"7660";"9270";"6791";"2957";"5261";"9980";"1187";"5845";"7595";"7880";"5576";"931";"2240";"4688";"5173";"4928";"3460";"2775";"4594";"2229";"7253";"9783";"7816";"9061";"3985";"1178";"7829";"6126";"3462";"4968";"7075";"5194";"9770";"5290";"2283";"7617";"5736";"4098";"9773";"5243";"9359";"2662";"9833";"6687";"7036";"7107";"1271";"4430";"944";"4692";"9710";"719";"422";"71";"5757";"2741";"9681";"3242";"1603";"19";"6700";"3392";"7169";"9525";"647";"5389";"9392";"6465";"7672";"8102";"731";"1202";"7408";"6295";"5502";"5292";"5031";"302";"5126";"2105";"6222";"201";"5886";"9987";"4871";"3715";"5289";"8447";"5865";"9548";"5626";"322";"7820";"377";"5821";"5406";"3073";"2227";"5167"
"3500";"4806";"9438";"5037";"7346";"3623";"6946";"7172";"8439";"8442";"4100";"9630";"1152";"9031";"6728";"4000";"3171";"39";"6675";"9965";"2695";"8872";"531";"5815";"5369";"2240";"1767";"5999";"6425";"8736";"2996";"9315";"6000";"7284";"7582";"3823";"8085";"3796";"2315";"7086";"6102";"891";"5362";"2826";"548";"8010";"6231";"7585";"6690";"1777";"6943";"3494";"2784";"8947";"6155";"5742";"1775";"6787";"436";"5827";"1951";"8231";"9417";"4197";"4525";"1657";"4042";"8375";"8607";"7622";"9631";"5146";"6538";"7406";"7978";"7917";"5053";"709";"5196";"2831";"245";"2338";"4541";"9744";"6794";"237";"5916";"6638";"4436";"9690";"6291";"8583";"7133";"1059";"7745";"4832";"2918";"884";"2356";"139"
"4883";"8703";"5656";"8911";"6282";"4420";"2869";"3261";"5208";"3580";"4645";"8585";"6818";"384";"1526";"2735";"3586";"799";"8841";"7387";"6531";"588";"6268";"2706";"2903";"5626";"8763";"8894";"8300";"4328";"8094";"715";"3664";"4549";"6683";"3592";"154";"9775";"7988";"2372";"7334";"1983";"126";"6350";"2673";"982";"1981";"6647";"2803";"2594";"3489";"4530";"9517";"524";"4337";"1786";"5975";"9245";"7790";"6714";"1077";"7760";"8858";"1859";"2484";"6573";"8536";"2060";"1252";"2717";"8319";"3921";"3536";"186";"1722";"285";"7355";"5605";"2025";"5814";"4867";"1491";"7948";"2267";"3135";"1949";"1497";"4574";"8840";"8137";"4671";"1279";"4932";"3356";"4281";"5484";"9657";"97";"6570";"4842"
"957";"3900";"6755";"1736";"1697";"1361";"4046";"7204";"3689";"2132";"9804";"4726";"984";"7262";"9841";"2452";"5405";"8717";"5779";"4973";"9776";"7427";"3786";"8233";"6834";"9699";"6025";"3659";"4278";"4348";"5671";"119";"8931";"5383";"9710";"4798";"5484";"7586";"6241";"6580";"7783";"4850";"5500";"8033";"3141";"3589";"6318";"4594";"2631";"6093";"2245";"2046";"2838";"1146";"4044";"5875";"7029";"1777";"7787";"8610";"6224";"2460";"258";"3730";"3117";"631";"5895";"7248";"4343";"9847";"1985";"540";"9024";"4450";"1322";"536";"4103";"8058";"4063";"5861";"9396";"743";"2989";"10";"7864";"2234";"8887";"5161";"9047";"987";"5292";"2717";"6152";"1473";"4278";"9171";"9740";"4516";"7541";"8382"
"3502";"8035";"9483";"3867";"84";"8032";"1513";"7195";"7420";"2163";"9292";"1075";"8565";"745";"7135";"8238";"472";"2534";"6287";"9702";"9698";"5129";"6299";"8520";"5503";"2332";"1213";"7592";"3305";"3316";"4789";"2650";"3972";"948";"1473";"4002";"6912";"9099";"2345";"3127";"7422";"1302";"7749";"2717";"1284";"5578";"840";"1261";"2064";"2798";"8748";"5768";"9074";"8412";"595";"8712";"6496";"9890";"4074";"7800";"6598";"4716";"4811";"9661";"2543";"6289";"5226";"1042";"8741";"7563";"2123";"3604";"9219";"4781";"4712";"920";"6982";"6130";"7290";"8765";"9819";"2681";"3304";"2283";"547";"1449";"2";"6143";"2133";"2905";"5404";"6259";"689";"7806";"1808";"4181";"1787";"668";"2540";"7739"
"8084";"9741";"1183";"4054";"8705";"5811";"4989";"3478";"3365";"4694";"6705";"5592";"6702";"749";"1522";"827";"772";"1261";"8369";"3820";"6198";"4043";"7276";"7090";"4925";"3083";"7015";"6128";"57";"9603";"9749";"9502";"736";"8356";"1891";"61";"2552";"1511";"2920";"5838";"6425";"4972";"6334";"1741";"1455";"4469";"9499";"5638";"9683";"1274";"1581";"4906";"3254";"9874";"1296";"2068";"6939";"2450";"8699";"581";"1487";"7516";"7714";"4397";"5773";"2538";"8647";"7368";"8215";"2905";"2375";"1104";"433";"2068";"459";"2368";"8605";"218";"7865";"3609";"497";"1321";"7550";"2720";"8646";"875";"8600";"625";"2642";"9216";"2154";"7772";"5995";"7734";"1831";"3144";"5552";"7823";"7879";"1871"
"3931";"4922";"6758";"37";"7942";"2496";"390";"7783";"8456";"3278";"1777";"4289";"9713";"7641";"6222";"737";"8503";"1430";"9856";"9850";"6227";"8098";"9710";"3091";"9275";"2495";"2025";"9121";"5711";"6152";"8047";"9623";"8717";"6400";"9000";"1054";"9784";"4174";"4472";"3454";"7098";"7837";"929";"9884";"7108";"2880";"9573";"2589";"9730";"9829";"5264";"4489";"168";"5216";"725";"7083";"2808";"2938";"2753";"8363";"5170";"5874";"9645";"6834";"2372";"82";"1567";"227";"5075";"6427";"8080";"6";"6399";"6989";"9542";"5257";"5744";"6087";"1611";"2064";"19";"8268";"4552";"6942";"5221";"8099";"1589";"5450";"3852";"9112";"3002";"9559";"6131";"1745";"5195";"9871";"5474";"2617";"6455";"1286"
"1212";"9986";"3619";"3216";"4009";"2735";"6370";"7926";"1962";"2723";"8374";"3106";"7839";"2850";"6983";"7266";"423";"5681";"5725";"9051";"5448";"9970";"6293";"4056";"4075";"4924";"9251";"5255";"9386";"4559";"5190";"5617";"3871";"6989";"527";"4024";"3359";"5983";"4699";"8065";"5385";"4650";"7933";"9814";"2441";"3582";"1349";"3176";"3091";"8303";"3585";"3900";"6418";"3373";"675";"5857";"7765";"2979";"8400";"9665";"6250";"372";"8831";"2260";"7011";"979";"5273";"8519";"3662";"6545";"2343";"8505";"8917";"139";"388";"6446";"3859";"4379";"5975";"40";"8826";"7712";"2654";"1167";"1366";"6086";"8730";"1621";"9247";"9883";"1258";"9935";"8989";"8422";"7968";"7915";"2874";"6907";"1356";"7952"
"9913";"3141";"1650";"4733";"8743";"3866";"7873";"7415";"2908";"3064";"8716";"886";"1508";"7060";"7446";"7180";"675";"3783";"7572";"662";"3846";"6016";"8474";"3057";"1308";"985";"2721";"6935";"1978";"1128";"9306";"8728";"2885";"3396";"9500";"4893";"4329";"6914";"4552";"7290";"1182";"1362";"6957";"6395";"3299";"907";"9508";"3422";"512";"1043";"8845";"4952";"169";"8164";"2726";"6178";"7694";"4239";"2743";"1330";"3128";"1405";"6687";"2408";"9136";"3843";"7302";"9783";"8424";"6772";"6618";"795";"1058";"4907";"7617";"4907";"4642";"5219";"7419";"6531";"2824";"1349";"8724";"9119";"106";"9519";"8726";"6601";"3413";"8273";"7216";"769";"3407";"6907";"8092";"5708";"1004";"9920";"997";"2861"
"7057";"7336";"2299";"2814";"5694";"3240";"7145";"2415";"4261";"7367";"6787";"8304";"5339";"7095";"7915";"447";"8825";"9679";"3215";"1786";"4514";"7079";"4856";"2573";"8180";"8208";"5146";"504";"6606";"5971";"1057";"237";"9537";"8906";"1853";"8382";"9030";"9806";"1521";"2572";"9161";"6130";"253";"5692";"1566";"9577";"1658";"8876";"4777";"4650";"4967";"9349";"7827";"8556";"3909";"1722";"1093";"7291";"6504";"3825";"9844";"5247";"2487";"680";"8457";"8192";"7567";"2695";"5786";"1958";"6257";"6684";"4631";"1691";"7488";"805";"797";"8999";"9722";"7003";"9695";"6841";"4786";"7062";"963";"4509";"2150";"851";"4074";"7541";"7854";"7857";"398";"9905";"4822";"5615";"9689";"8305";"3762";"1103"
"1463";"953";"6394";"3716";"4237";"5642";"5195";"905";"8103";"4471";"6406";"79";"8592";"5070";"5508";"2854";"2314";"651";"6890";"252";"7331";"3754";"1915";"9943";"3731";"1008";"2126";"9123";"2387";"8768";"6790";"9112";"2345";"1958";"6508";"286";"9830";"979";"7109";"8414";"4338";"4010";"542";"6015";"9763";"4560";"2000";"4809";"1055";"6599";"4967";"7873";"9354";"2129";"8435";"2582";"1088";"8527";"2998";"7940";"8987";"5506";"5033";"2386";"5495";"4042";"704";"672";"1539";"2105";"3994";"909";"6135";"4539";"5495";"5375";"4784";"6941";"1160";"1169";"7139";"5877";"2752";"9319";"6915";"271";"4197";"3429";"9493";"1335";"567";"1461";"5205";"852";"8905";"6743";"8759";"184";"2617";"6805"
"7778";"4830";"3648";"8765";"5912";"1885";"9157";"1380";"8511";"250";"1917";"330";"1303";"5916";"6148";"7849";"5066";"7195";"3012";"5294";"1753";"7216";"2492";"1733";"39";"3546";"850";"8159";"765";"7267";"5415";"8274";"5238";"6369";"898";"6945";"1864";"785";"3955";"9909";"9084";"8927";"5233";"846";"5064";"8052";"587";"4381";"7141";"3317";"5725";"6146";"6455";"2858";"965";"3464";"5768";"8732";"5346";"2765";"919";"6080";"1799";"2324";"8894";"5344";"7603";"1420";"7971";"4880";"6846";"9495";"7921";"3822";"4098";"1426";"721";"7529";"1034";"7487";"4755";"464";"208";"9109";"7969";"3855";"2707";"4016";"7952";"7961";"8899";"6849";"9412";"1320";"3997";"3857";"2002";"1783";"2654";"2752"
"3991";"6717";"9316";"1329";"9725";"2189";"3537";"938";"1354";"3495";"1986";"3398";"7804";"1867";"1370";"2461";"6443";"4707";"8973";"3406";"5433";"9193";"49";"6856";"7212";"1588";"3771";"5429";"6098";"7120";"1973";"4297";"5466";"7750";"7387";"9257";"2477";"7689";"603";"8402";"824";"9006";"7468";"5997";"4465";"2162";"1146";"9641";"7811";"8823";"5548";"4309";"334";"6790";"9366";"9385";"6074";"9395";"2414";"7254";"1002";"4197";"8512";"4571";"3717";"8339";"1607";"9781";"7440";"388";"4382";"2997";"3772";"1023";"1041";"6828";"1198";"7394";"8506";"9239";"3784";"8515";"2747";"2056";"8058";"1524";"9450";"1193";"8528";"1153";"751";"7202";"4811";"7259";"2255";"7244";"5848";"7750";"7060";"2060"
"9159";"6762";"5992";"4059";"5623";"415";"5792";"5088";"2742";"5012";"9449";"5006";"1857";"5002";"5419";"4635";"7292";"570";"4935";"9193";"7890";"7185";"9135";"800";"3908";"1960";"218";"1142";"4743";"4157";"3357";"7911";"5460";"9688";"8581";"1078";"2582";"1956";"4344";"7631";"2119";"3873";"7006";"5845";"5303";"8411";"2941";"2687";"0";"7511";"2485";"455";"8254";"1717";"7454";"1228";"2953";"5360";"6448";"250";"9069";"4638";"4644";"1803";"7451";"8454";"7327";"3701";"1634";"4326";"8847";"8968";"630";"4240";"1240";"5818";"3181";"7773";"9224";"9514";"1433";"2336";"793";"2202";"4498";"2884";"5126";"9327";"4889";"5923";"2021";"3706";"3271";"5178";"9596";"866";"9520";"8751";"9443";"1731"
"547";"112";"987";"1265";"7860";"7780";"9244";"4144";"328";"1026";"2708";"1071";"117";"1441";"588";"1818";"2280";"2724";"1099";"3592";"942";"3521";"5048";"5807";"7579";"669";"1419";"4882";"9335";"2677";"4168";"5129";"7870";"5806";"1976";"4346";"1675";"7569";"5142";"5194";"7361";"5015";"6367";"5969";"7865";"7627";"4625";"6840";"8038";"7185";"3853";"172";"617";"9434";"669";"6003";"8001";"4907";"7852";"6292";"7850";"8737";"2778";"4011";"2932";"1808";"2561";"5690";"8219";"8088";"91";"8501";"683";"5492";"7704";"5477";"9766";"102";"7695";"4962";"8994";"6117";"1401";"2875";"1700";"6344";"1056";"8904";"6329";"598";"1163";"193";"9294";"1843";"8576";"8648";"5844";"2423";"3019";"432"
"1920";"5225";"2278";"8749";"2473";"7112";"8753";"3521";"4195";"4480";"6617";"4034";"3148";"3281";"1284";"3166";"259";"8343";"5411";"4273";"135";"9350";"8155";"4336";"1183";"3310";"6897";"9469";"7499";"5864";"3159";"1364";"5488";"6273";"6922";"5782";"695";"3439";"6082";"6679";"2804";"2781";"243";"2063";"9285";"6340";"577";"164";"645";"928";"9968";"7031";"2772";"1682";"157";"9132";"4310";"864";"5110";"7059";"9570";"4247";"2319";"8934";"9912";"9932";"6271";"4597";"9093";"6942";"787";"4191";"531";"3432";"9455";"7212";"6967";"6866";"5885";"645";"5488";"1001";"7993";"7255";"3374";"7014";"3034";"7645";"2752";"8632";"2611";"2159";"4512";"3597";"9371";"1247";"4464";"6309";"9608";"5351"
"7191";"8997";"8497";"7948";"5590";"1265";"7166";"7800";"6541";"336";"3345";"9042";"5699";"6871";"9783";"179";"6857";"3676";"7180";"5596";"3865";"7152";"831";"5666";"5562";"3845";"2717";"4062";"6695";"6915";"3245";"3355";"296";"9887";"9371";"2501";"9480";"7519";"8322";"2301";"9133";"6133";"8623";"7442";"472";"8256";"2664";"6192";"3919";"8903";"7519";"1364";"8289";"3365";"3231";"8633";"6736";"8827";"291";"796";"2440";"4670";"524";"9075";"9496";"8799";"8102";"5054";"6979";"9840";"9900";"9349";"6652";"7548";"6920";"5592";"7280";"6275";"998";"838";"1037";"8836";"3510";"5982";"9942";"619";"5301";"2271";"2834";"6286";"9556";"2524";"5814";"3898";"1822";"8136";"1660";"3828";"3912";"5472"
"6149";"2279";"907";"7730";"1785";"1776";"2965";"892";"1881";"3458";"6173";"4821";"471";"8523";"9139";"3140";"6026";"8670";"4566";"7944";"9434";"7871";"7509";"7973";"9213";"332";"4543";"1318";"9437";"1975";"554";"6271";"8331";"5294";"2381";"6389";"8005";"9919";"1020";"8399";"8310";"3738";"6612";"3999";"262";"1918";"2927";"9186";"7023";"3678";"580";"7176";"2898";"9138";"677";"3529";"3314";"1107";"3125";"4557";"1260";"9146";"6312";"2626";"8147";"5750";"7393";"4426";"9562";"6987";"4878";"827";"8885";"2456";"7767";"9385";"4232";"1881";"7923";"3121";"6697";"8211";"4928";"1645";"369";"9548";"5118";"3234";"7076";"4768";"9037";"8946";"1340";"155";"4004";"2368";"3501";"6915";"1044";"1098"
"1490";"1894";"7862";"8546";"4207";"6360";"2122";"7151";"1983";"179";"1710";"6604";"2091";"1241";"1227";"3185";"9770";"2469";"6422";"8787";"7740";"1264";"777";"733";"9672";"8721";"977";"5984";"5579";"8467";"466";"5817";"9602";"7461";"2828";"9583";"3155";"3601";"9194";"8623";"8902";"7483";"6401";"3951";"3533";"8148";"5126";"3788";"9805";"5176";"9709";"9540";"826";"1953";"3879";"1323";"2031";"7471";"9109";"6617";"8848";"6489";"4824";"8153";"495";"415";"2163";"9619";"2892";"3740";"5528";"284";"6153";"3373";"8639";"2134";"4628";"719";"4304";"5601";"9962";"8848";"9632";"2506";"136";"9596";"902";"7278";"9973";"7935";"4810";"68";"1055";"3469";"5313";"7831";"1545";"1390";"7783";"1993"
"8860";"7742";"4702";"3775";"683";"6334";"9601";"779";"2266";"7145";"8472";"927";"506";"8573";"375";"2350";"7756";"8363";"1442";"316";"836";"553";"9022";"4791";"3229";"8303";"5158";"4732";"909";"4926";"1138";"7700";"4784";"7979";"7326";"5890";"5221";"3757";"4993";"2170";"6616";"2024";"9372";"2225";"2488";"3344";"5651";"1395";"4048";"3827";"2123";"7309";"7739";"4668";"7216";"1899";"9681";"6292";"9618";"8895";"7527";"9468";"3209";"5391";"2670";"8229";"1040";"8582";"8276";"1940";"5053";"1249";"1130";"6363";"776";"2113";"7736";"6059";"8706";"9622";"7661";"2971";"6600";"289";"9581";"8532";"9397";"5160";"8002";"9144";"5981";"513";"1121";"7370";"4506";"1374";"2804";"3676";"515";"8958"
"4139";"6086";"4551";"5611";"2539";"7570";"8490";"3361";"8862";"3524";"2318";"4664";"5521";"4181";"5562";"6440";"1045";"9301";"100";"999";"9064";"4974";"3567";"9936";"2190";"4888";"5072";"9612";"3755";"911";"7455";"9283";"2882";"307";"2787";"5509";"856";"9464";"349";"8900";"9258";"6450";"8795";"1815";"2837";"7252";"6726";"8107";"2593";"3039";"8390";"8496";"7023";"8300";"3727";"7673";"2018";"2190";"4482";"1724";"2371";"7930";"593";"6978";"358";"7617";"3593";"3853";"9377";"2268";"6220";"1812";"3097";"9457";"9976";"4021";"3100";"3383";"4842";"2787";"469";"4715";"7865";"9389";"9313";"51";"9845";"4384";"2670";"3344";"1840";"6988";"3784";"4137";"5696";"4620";"8202";"9940";"5332";"6206"
"4678";"2611";"8001";"5340";"5336";"1067";"7233";"1888";"8079";"5181";"1692";"3136";"6698";"8205";"6653";"8070";"6650";"7558";"7334";"890";"6991";"6330";"5784";"2336";"1406";"341";"5558";"9941";"3830";"8105";"897";"791";"6615";"3529";"9621";"2880";"1708";"3711";"1468";"3675";"7828";"6658";"6087";"6965";"9086";"6291";"7415";"1591";"3034";"4561";"3639";"8165";"8607";"3029";"4480";"2355";"6929";"8758";"10";"5832";"438";"1847";"7716";"8485";"8327";"4465";"7042";"7986";"8733";"3726";"3113";"5300";"681";"3232";"3872";"7241";"1221";"661";"7342";"9655";"5742";"1205";"8236";"7342";"1927";"9233";"5628";"9291";"328";"3009";"5909";"337";"7005";"9806";"7744";"2822";"6233";"1267";"8255";"4368"
"3708";"1354";"2134";"336";"3253";"1730";"7920";"2088";"2473";"1910";"8156";"4625";"5335";"4041";"2633";"9708";"2140";"4637";"6458";"3046";"9858";"8123";"7145";"6659";"8291";"9531";"7470";"9993";"35";"6189";"3284";"5891";"4713";"746";"8026";"11";"439";"381";"8138";"4787";"7990";"9538";"6111";"1521";"5654";"6027";"369";"6707";"5216";"2843";"3731";"1176";"2057";"533";"4642";"3156";"4836";"7476";"7912";"8844";"2715";"7893";"4182";"6578";"610";"9956";"9816";"3212";"5417";"8823";"1463";"3773";"8705";"1952";"1991";"8015";"3823";"6528";"7014";"9939";"7907";"1360";"3741";"8895";"1742";"8081";"6350";"3342";"2961";"9001";"4622";"877";"536";"1445";"5036";"608";"1040";"946";"6063";"6479"
"9647";"8101";"1864";"2639";"1330";"6466";"1113";"4439";"245";"1312";"169";"1162";"7745";"1602";"2311";"9073";"2013";"14";"7256";"5888";"4772";"8371";"7681";"252";"3043";"8320";"1962";"2314";"6428";"9584";"4857";"4012";"2867";"664";"341";"135";"8359";"9299";"3325";"3781";"8606";"2558";"9467";"2287";"3046";"8892";"4796";"2236";"4251";"6983";"9373";"4621";"8151";"8760";"1702";"3783";"3062";"6395";"3110";"6189";"7978";"5644";"3818";"7663";"3099";"367";"4923";"164";"8067";"5576";"3004";"1682";"5872";"8848";"6571";"5385";"2904";"2455";"6083";"6566";"8116";"1049";"1749";"8524";"6765";"2247";"5830";"943";"6700";"9959";"8657";"6878";"7676";"2807";"98";"6945";"6647";"2475";"675";"1788"
"4511";"9330";"9061";"6444";"2291";"5170";"5176";"2680";"7197";"5426";"589";"7903";"1554";"5678";"462";"1737";"60";"9816";"3739";"3858";"3345";"9701";"815";"9187";"8290";"8659";"380";"9023";"8093";"3655";"9688";"9225";"7528";"3500";"4938";"9021";"1392";"2921";"1010";"6554";"6581";"4845";"2264";"9741";"787";"5740";"8620";"3554";"3266";"1359";"3638";"7313";"5667";"2722";"3826";"8073";"3368";"4693";"880";"8720";"302";"1982";"1088";"1848";"2737";"9928";"8605";"3027";"9986";"9901";"1829";"9545";"2498";"1656";"4588";"3230";"321";"7515";"6364";"8428";"7391";"5674";"8263";"8748";"9618";"2526";"3963";"8654";"7240";"6308";"7344";"8517";"4421";"6937";"1032";"4188";"1539";"9367";"2568";"4728"
"8163";"318";"7422";"4347";"7166";"714";"572";"7179";"2944";"8686";"866";"5968";"9227";"464";"4885";"8259";"4428";"9023";"9530";"6202";"5017";"2810";"5047";"8547";"9877";"9409";"2705";"5931";"1114";"1473";"3861";"3050";"9297";"4786";"9610";"3810";"3587";"776";"2759";"8052";"9723";"8344";"6328";"937";"1344";"2339";"5303";"8599";"2612";"8530";"864";"6145";"2592";"7410";"8799";"6603";"4379";"1690";"6327";"1919";"4425";"4810";"4050";"9573";"42";"326";"2244";"941";"5545";"4507";"3224";"9967";"8";"6986";"3985";"3256";"2098";"6817";"5849";"5177";"9964";"3772";"330";"4067";"6637";"7227";"2939";"8134";"3916";"7481";"9148";"2151";"217";"6846";"9232";"8535";"334";"364";"1205";"8902"
"7604";"8478";"3570";"4701";"1429";"6514";"2102";"8002";"5622";"8318";"7387";"6059";"5561";"3877";"2328";"5710";"4608";"3284";"1338";"6243";"2762";"1887";"5448";"1782";"3014";"3958";"37";"6828";"3387";"4733";"4409";"1014";"5109";"3166";"4935";"1687";"9898";"239";"5975";"5409";"1831";"174";"5311";"1964";"1759";"4382";"3286";"6971";"4742";"512";"7398";"1690";"3466";"1422";"6539";"1124";"3122";"1428";"1624";"4003";"5702";"9672";"1800";"750";"4188";"2955";"7986";"8012";"9609";"2876";"7934";"865";"6423";"4617";"9546";"6273";"4197";"7228";"1666";"3904";"6054";"7748";"4052";"2893";"6864";"4004";"766";"5643";"6631";"3443";"3684";"2266";"7055";"7826";"5354";"1744";"1747";"6135";"2922";"8423"
"3036";"547";"7335";"4916";"877";"2791";"4549";"5017";"1794";"765";"7959";"2717";"8344";"7734";"3766";"5924";"2071";"8958";"3503";"5964";"5407";"3099";"440";"6477";"509";"8246";"9079";"7781";"5476";"4902";"9475";"5320";"934";"779";"571";"3265";"2451";"4741";"9309";"6888";"6752";"9746";"4689";"9778";"2192";"7120";"8535";"4513";"6482";"7015";"7156";"7867";"7102";"2396";"645";"4156";"2404";"6391";"9015";"2808";"3845";"5358";"6904";"8760";"2340";"2507";"1063";"6769";"4187";"9423";"7344";"3231";"4552";"5333";"6410";"1608";"8959";"6460";"9885";"45";"5775";"312";"1162";"2288";"5147";"2241";"7584";"5477";"2363";"4124";"3230";"923";"6107";"7512";"4003";"6457";"4572";"6072";"9263";"1442"
"4906";"4697";"6704";"8050";"3958";"5093";"9707";"4885";"787";"218";"8876";"1562";"3909";"2394";"1990";"5320";"8754";"2447";"9074";"3271";"3290";"9716";"1826";"6384";"2294";"5278";"9095";"3781";"3230";"3221";"2656";"8456";"9213";"7328";"9973";"8004";"7016";"2999";"3198";"6446";"599";"6760";"6097";"5763";"3123";"8210";"3139";"8211";"2917";"1734";"7462";"3025";"1371";"7844";"6936";"3604";"3221";"6477";"37";"3758";"2194";"7106";"5756";"4138";"7490";"2989";"4262";"2407";"9049";"9430";"7531";"3279";"2101";"8361";"1669";"7000";"3940";"4116";"5140";"7366";"8413";"7727";"9626";"2883";"6072";"9589";"2724";"7151";"482";"2838";"4214";"7071";"3627";"2287";"112";"9970";"5904";"6260";"1216";"3231"
"8667";"1174";"5385";"2533";"9779";"1201";"5243";"7285";"5162";"7875";"5557";"4347";"1796";"6959";"6977";"3643";"141";"2441";"5384";"1751";"6455";"9992";"8545";"2058";"7971";"4729";"4300";"2591";"6403";"625";"7011";"5104";"7757";"1421";"1471";"1512";"8899";"5368";"6004";"6284";"3871";"8656";"8981";"5871";"5404";"4867";"5455";"8762";"9607";"295";"3144";"2285";"4297";"7481";"9477";"4713";"3950";"1804";"3930";"3799";"6714";"8476";"2354";"5309";"1488";"9770";"2530";"7674";"5511";"4853";"2666";"1321";"5434";"7033";"7039";"3812";"7357";"5797";"5534";"4352";"3779";"3453";"6260";"3792";"7949";"8749";"2992";"8689";"8571";"2291";"1642";"543";"347";"1109";"2481";"3788";"8313";"2226";"7337";"8636"
"6444";"7556";"3474";"7375";"3497";"4988";"8386";"5199";"1555";"2998";"2216";"9181";"5251";"8622";"7021";"1465";"2129";"1151";"4600";"5292";"7119";"6374";"7107";"4933";"6592";"8730";"7164";"3136";"9962";"1200";"6696";"2170";"9310";"5282";"6206";"7081";"9986";"5909";"8708";"2221";"7679";"8629";"5036";"4673";"9894";"8917";"9748";"655";"2341";"5943";"9346";"3486";"3164";"5642";"7030";"4234";"522";"449";"702";"8605";"1450";"5509";"3441";"6205";"2500";"3744";"8170";"731";"5112";"4588";"726";"2218";"1191";"3751";"8062";"4910";"6863";"3858";"791";"6868";"4866";"8291";"1801";"9891";"8555";"3094";"5143";"865";"2990";"4280";"1926";"8106";"1072";"376";"2441";"8825";"5189";"2559";"6206";"6273"
"7363";"7225";"4188";"7689";"3336";"8335";"9889";"6628";"8593";"9371";"8534";"5767";"6769";"7266";"6073";"8783";"3422";"3132";"2212";"2403";"631";"7148";"4201";"2203";"402";"7431";"593";"8271";"7331";"5250";"6685";"9311";"3511";"1428";"5876";"6290";"1139";"1257";"3648";"9221";"801";"7789";"3391";"3171";"5896";"5845";"5797";"2095";"6177";"1566";"6034";"1582";"5860";"4881";"5421";"4117";"4298";"4709";"6827";"2940";"9662";"9250";"5508";"3105";"8608";"6209";"9601";"832";"7405";"298";"6997";"4739";"2483";"7852";"7805";"5057";"874";"911";"4140";"9414";"3513";"5610";"1436";"6291";"6874";"2214";"8010";"9727";"899";"6654";"2103";"1386";"3700";"5893";"8110";"8573";"5989";"1985";"6208";"9282"
"724";"2146";"2128";"7886";"5920";"4703";"6254";"7554";"1109";"3255";"3803";"7987";"404";"3888";"278";"9576";"7651";"2789";"8926";"7565";"1625";"4113";"9414";"2319";"1743";"424";"9454";"4288";"7268";"583";"3571";"4765";"5463";"2396";"5763";"6026";"6672";"9896";"5245";"6951";"6792";"7573";"7015";"2713";"107";"6426";"1451";"9639";"7952";"9153";"9656";"8823";"1176";"4340";"3783";"4604";"6871";"1992";"4036";"6478";"2341";"5233";"6596";"5560";"1773";"5550";"9156";"9177";"3580";"1387";"3317";"9693";"8893";"2466";"5538";"6151";"4158";"4660";"875";"9837";"3317";"2760";"6221";"7347";"7534";"998";"2263";"7265";"2945";"3651";"5884";"9030";"9387";"573";"7220";"5103";"5585";"5012";"8092";"12"
"8767";"3540";"1040";"2379";"9163";"444";"663";"8514";"2375";"1429";"1504";"8686";"5067";"3969";"9170";"9640";"1963";"4153";"3941";"9478";"4608";"2363";"8556";"3484";"4863";"2646";"4412";"1987";"8612";"3098";"2887";"3864";"7637";"7127";"1015";"1766";"136";"7921";"3217";"7672";"2857";"981";"3321";"9855";"306";"2049";"3585";"4859";"9008";"278";"9934";"579";"7282";"8997";"5142";"9039";"3509";"8903";"4172";"9961";"8348";"1027";"8389";"8718";"8875";"9323";"7875";"4766";"5126";"5218";"3552";"9151";"1986";"8969";"3343";"2172";"1919";"5170";"9080";"4822";"6494";"2253";"3390";"59";"7173";"8327";"8262";"2550";"8348";"8199";"9530";"7930";"8067";"8923";"3976";"5219";"4448";"3711";"8284";"8450"
"8228";"6562";"1557";"6133";"4423";"2452";"5616";"9621";"8572";"412";"9799";"3998";"5529";"9364";"9488";"7566";"1268";"9032";"69";"8526";"681";"798";"549";"9955";"6827";"5820";"3557";"6665";"9604";"280";"936";"43";"4319";"88";"6649";"9457";"3111";"9896";"1217";"1339";"4711";"3760";"4417";"9516";"501";"7303";"5439";"2902";"7332";"3700";"2245";"9134";"92";"8367";"4322";"5253";"9465";"9655";"5575";"9013";"2872";"5426";"6559";"6925";"9057";"7834";"7776";"7618";"9274";"1172";"8256";"1624";"565";"106";"6140";"1160";"9079";"8168";"485";"6027";"3916";"8824";"6006";"4198";"4446";"3982";"4974";"8199";"6599";"7273";"3002";"875";"6062";"1949";"7910";"6635";"8881";"5747";"3419";"6767"
"2418";"7558";"1873";"9926";"2143";"3247";"2708";"1369";"2216";"464";"5900";"7058";"348";"4802";"2097";"1197";"9890";"2124";"3662";"8323";"4631";"4425";"3340";"3519";"4265";"9059";"9776";"6866";"1011";"3680";"1590";"712";"330";"1740";"4240";"855";"1235";"5886";"6389";"5241";"4142";"9103";"4987";"6266";"6740";"5941";"795";"5266";"851";"8680";"8572";"310";"5740";"5767";"8626";"869";"5855";"2368";"8980";"5470";"3450";"5390";"9831";"915";"9079";"7807";"4560";"4173";"5415";"9634";"3984";"528";"2371";"5400";"3082";"4080";"3984";"451";"1910";"9197";"37";"945";"4922";"4003";"7891";"4863";"5426";"9507";"2486";"3897";"4371";"453";"4980";"8542";"5216";"6498";"3013";"1256";"9066";"4803"
"8036";"5008";"6824";"7639";"7699";"7080";"7552";"1085";"3753";"451";"4779";"3437";"8438";"7617";"4964";"4402";"4827";"4182";"4836";"8670";"9092";"2072";"6833";"9978";"5165";"4708";"4350";"4235";"4763";"8991";"1025";"2822";"8231";"1430";"774";"9638";"4200";"8272";"7796";"8021";"8503";"1965";"8275";"6092";"5327";"8804";"7977";"1660";"6073";"5101";"2485";"250";"3890";"1727";"9279";"2363";"4352";"9365";"3370";"8560";"5240";"9320";"733";"3461";"916";"7228";"6226";"2249";"9233";"9512";"5243";"5786";"1470";"4923";"799";"2922";"8255";"6017";"273";"1090";"6935";"7900";"8534";"8797";"8379";"4100";"6654";"6084";"3666";"1897";"7944";"1561";"3639";"1960";"5517";"7110";"6789";"9638";"8107";"3847"
"3435";"7742";"3354";"5434";"6671";"3163";"285";"7342";"3056";"2176";"5198";"3158";"8501";"1769";"7673";"1518";"7337";"6837";"5935";"9773";"5015";"5592";"3270";"2983";"7434";"8032";"9737";"9316";"2329";"4802";"5873";"5468";"726";"6311";"7619";"8173";"8904";"4426";"4197";"428";"3845";"1605";"3124";"3490";"7641";"4802";"9126";"8273";"8824";"3989";"6129";"2217";"1090";"7648";"4079";"226";"2379";"63";"4784";"781";"9793";"7766";"3512";"801";"8307";"4972";"5564";"5371";"3749";"362";"9531";"907";"3018";"36";"1458";"2864";"7003";"3999";"6644";"1583";"4182";"6013";"8275";"2361";"5359";"9166";"4633";"8350";"2512";"1990";"9078";"7361";"7224";"2485";"9544";"6192";"6661";"9888";"6742";"8549"
"7568";"6527";"2814";"5165";"1253";"4606";"4638";"7217";"5020";"5267";"8514";"6620";"8035";"9775";"5444";"9305";"2076";"5156";"8723";"66";"151";"9151";"8073";"72";"8443";"1819";"7019";"646";"9550";"3625";"2738";"9385";"7503";"2382";"105";"7244";"7509";"3858";"4132";"7641";"5904";"3420";"7552";"1216";"8285";"8543";"2735";"2305";"6272";"4531";"9674";"5745";"5896";"8295";"4253";"5084";"3053";"7534";"3519";"5819";"4020";"5157";"7171";"9715";"1477";"1295";"6993";"8842";"9025";"7743";"8439";"386";"9649";"2178";"1105";"5858";"6118";"1995";"7283";"775";"3763";"113";"341";"3412";"8626";"7573";"7133";"3725";"6439";"302";"1157";"6028";"396";"9863";"5687";"1530";"8196";"541";"8598";"9313"
"1323";"7617";"3091";"6856";"2031";"4165";"1052";"3690";"6001";"6214";"8251";"4284";"1143";"8629";"3111";"8752";"5504";"6546";"3260";"2477";"9767";"9704";"6577";"8244";"2286";"9529";"5967";"6976";"7144";"1299";"9574";"5667";"8205";"6242";"651";"3612";"4605";"914";"3802";"510";"5682";"3688";"6833";"2556";"5789";"713";"9902";"5101";"1974";"6178";"6212";"2980";"9984";"4223";"955";"2095";"6577";"2347";"7721";"8357";"8590";"8656";"4104";"2573";"1755";"7787";"710";"2373";"4709";"2863";"297";"4774";"6189";"3312";"6256";"5473";"5860";"905";"2161";"3455";"1758";"8842";"6598";"2029";"9818";"1251";"9998";"9864";"3440";"2916";"2691";"8133";"3583";"1606";"5901";"2351";"2338";"7828";"9895";"11"
"5462";"9357";"6009";"7596";"1833";"389";"1779";"3074";"294";"7650";"871";"2465";"6864";"8316";"2058";"1577";"7779";"7086";"3943";"6492";"6326";"2240";"4650";"8919";"3951";"3047";"8213";"4982";"8600";"3344";"1860";"8558";"5765";"8646";"942";"2742";"206";"6626";"689";"5552";"8812";"3301";"6541";"8439";"7577";"9784";"7264";"8731";"8157";"6931";"7560";"9576";"1966";"7730";"9403";"3489";"2307";"9785";"3815";"8101";"7469";"2724";"7295";"5198";"299";"7888";"9631";"6638";"2180";"137";"2306";"3257";"1915";"4116";"9215";"5339";"2467";"9837";"3919";"5756";"1024";"4897";"149";"9367";"375";"3204";"4786";"4770";"2041";"2532";"5017";"7001";"4154";"5761";"3916";"2276";"9525";"3145";"1142";"8365"
"1909";"5441";"7983";"6697";"887";"261";"8467";"4787";"8381";"6471";"756";"73";"2234";"4000";"5543";"8775";"4846";"8884";"664";"5847";"7329";"5905";"3657";"4628";"2143";"3656";"6474";"7288";"9690";"9387";"9072";"9659";"6829";"3467";"1101";"6534";"7792";"5806";"3401";"6057";"452";"9090";"3542";"4258";"3421";"6163";"2104";"3366";"1956";"1401";"8938";"9961";"3125";"8428";"1108";"1587";"3210";"9014";"6750";"2892";"2816";"490";"1550";"4913";"7656";"1546";"7074";"3588";"5476";"8729";"2655";"6083";"2090";"8503";"5073";"6045";"2001";"2214";"2727";"1359";"1562";"3790";"3535";"510";"5165";"2533";"8270";"6139";"7406";"5848";"3555";"6897";"6711";"9236";"1236";"1178";"8388";"3418";"3348";"8833"
"7564";"912";"4397";"9452";"4989";"6925";"5177";"8323";"1170";"1889";"4837";"3634";"6803";"5493";"417";"1046";"9966";"4555";"5577";"4200";"3064";"9576";"2734";"2271";"4963";"7313";"5321";"8159";"6304";"9227";"9398";"3400";"8465";"8147";"6324";"8411";"9123";"7979";"713";"9137";"9909";"3829";"390";"3724";"4097";"2359";"7575";"5280";"4827";"4739";"2995";"9343";"6801";"7024";"7162";"7139";"6940";"5315";"5528";"8218";"1965";"5526";"6733";"8579";"3368";"128";"5668";"2859";"2749";"6692";"5571";"1691";"2974";"5581";"5876";"7820";"3146";"6642";"5034";"7077";"7828";"7231";"18";"2799";"3511";"6423";"6743";"4780";"7792";"2743";"8110";"6374";"9211";"5271";"8891";"5813";"8244";"459";"9189";"355"
"2402";"9498";"672";"4340";"909";"3600";"2313";"4767";"6933";"7004";"4846";"461";"7829";"89";"5673";"3451";"6374";"7410";"8416";"3630";"8452";"8005";"3851";"300";"5166";"7828";"1442";"6703";"9844";"6647";"3181";"6112";"2900";"4239";"3971";"601";"34";"3245";"5251";"6068";"1720";"8511";"1099";"9608";"4473";"5274";"8520";"7842";"6846";"1029";"6149";"7282";"5630";"8413";"8069";"329";"234";"8966";"1988";"3004";"5701";"108";"3468";"2999";"7344";"161";"451";"9144";"2452";"8783";"4773";"5883";"7052";"2636";"9908";"8854";"8185";"8654";"6648";"170";"4669";"9730";"942";"4485";"1823";"186";"611";"9446";"8100";"862";"160";"6630";"4130";"6163";"5405";"1544";"7114";"7918";"2127";"3796"
"6050";"3386";"5492";"1026";"5756";"7261";"9422";"2690";"167";"3";"7677";"2289";"7864";"7369";"826";"9143";"5303";"8452";"5855";"3296";"5730";"2099";"7624";"9650";"4226";"4038";"3877";"9928";"1872";"9567";"8046";"3539";"4491";"9134";"6551";"969";"3937";"6669";"9821";"5763";"2408";"3001";"8760";"3710";"2733";"9209";"862";"319";"129";"7241";"2711";"177";"3373";"7665";"8074";"4290";"5865";"6868";"3304";"3990";"9560";"8576";"4286";"2514";"7223";"7012";"1627";"7840";"986";"1554";"3316";"2877";"7673";"5236";"6580";"1599";"3859";"1917";"3145";"2229";"6138";"9492";"4621";"1046";"4557";"8956";"7235";"2930";"9706";"1693";"7633";"7224";"6404";"9816";"3956";"16";"9475";"6910";"8926";"6423"
"9571";"9014";"4147";"8991";"9512";"8199";"7352";"780";"4109";"3570";"6800";"4248";"8947";"7049";"9556";"9515";"6093";"3773";"2867";"8109";"7188";"9457";"346";"783";"6908";"9565";"7196";"496";"2255";"7626";"1186";"4157";"5644";"2553";"8589";"9221";"2254";"7290";"6821";"3731";"4627";"3649";"7981";"904";"9959";"664";"21";"1851";"8073";"6325";"4757";"2521";"531";"5015";"4453";"3473";"3860";"5507";"1179";"3563";"2356";"6865";"5677";"1139";"8436";"2083";"4945";"8839";"1011";"1815";"265";"588";"4842";"3040";"9878";"1886";"6354";"9992";"3050";"6980";"3868";"7224";"4727";"9016";"2737";"7123";"2498";"1758";"8327";"6733";"106";"3982";"2348";"1236";"4198";"123";"461";"3920";"3552";"3275"
"1674";"4986";"2491";"9143";"2462";"4037";"2707";"2035";"1094";"3598";"210";"6483";"134";"3493";"6626";"600";"7588";"8447";"6554";"9758";"9660";"3740";"5212";"1673";"585";"6256";"3083";"6516";"7513";"788";"6777";"8112";"918";"3919";"7840";"4844";"3478";"341";"3719";"1349";"2924";"8950";"7598";"4595";"6805";"8556";"6337";"438";"9650";"5558";"8226";"9248";"5489";"8430";"4763";"1713";"1201";"6348";"3193";"8384";"8670";"1817";"9017";"9091";"6197";"9640";"183";"795";"2160";"7058";"7195";"4985";"6368";"2425";"5842";"8212";"7098";"2247";"1776";"1846";"4268";"8934";"8652";"9662";"1725";"4114";"4055";"4335";"4113";"4839";"9924";"6449";"6287";"2542";"6702";"2111";"5747";"7079";"2921";"7757"
"1061";"700";"4447";"3253";"1734";"9304";"103";"6882";"7511";"804";"2885";"8302";"7568";"2957";"8498";"8088";"2562";"5506";"5415";"4928";"5017";"3966";"3200";"4088";"6003";"4906";"8293";"3224";"8586";"5072";"8988";"4146";"1015";"9186";"3818";"1621";"5108";"3776";"71";"2811";"7823";"6874";"1643";"3437";"6458";"5918";"7964";"9271";"474";"8729";"8204";"4039";"5391";"4870";"7479";"7335";"6738";"7257";"4281";"8639";"4512";"6362";"848";"6035";"1136";"1840";"684";"712";"8361";"8936";"9970";"861";"1094";"9507";"2056";"1038";"8628";"13";"6780";"5612";"6217";"1311";"8811";"7369";"2496";"7597";"1748";"4880";"693";"4349";"7191";"4724";"4105";"7599";"497";"7154";"8822";"9395";"7450";"6307"
"9140";"6783";"8552";"8550";"3666";"4161";"163";"5049";"2547";"1343";"4207";"7168";"8827";"2185";"658";"5775";"9372";"1103";"9527";"8070";"3350";"7344";"1576";"8000";"8727";"9338";"9463";"8888";"9749";"3987";"3554";"9342";"880";"8225";"9103";"6053";"5161";"2700";"4035";"9572";"7468";"9919";"9039";"1653";"5623";"1693";"4198";"5274";"4840";"3247";"8866";"907";"3472";"3808";"4022";"5145";"519";"6040";"8804";"279";"7876";"9160";"5464";"5909";"2791";"3075";"9439";"6202";"8484";"3396";"3772";"8861";"3424";"9653";"9599";"4436";"2204";"1581";"6915";"7035";"3505";"796";"2348";"50";"3104";"7716";"3146";"2995";"2404";"6074";"9109";"8024";"5444";"9864";"6680";"7258";"9868";"53";"1907";"4482"
"9820";"923";"1507";"7331";"1228";"8368";"3742";"8545";"2451";"5003";"3325";"7385";"5750";"9422";"7085";"4815";"7573";"9446";"9596";"8540";"8089";"1714";"499";"6479";"2972";"2456";"7732";"9793";"2885";"6784";"3385";"9037";"8635";"6365";"1404";"9551";"2477";"7790";"8854";"4661";"8525";"6518";"4973";"7807";"7742";"3704";"4721";"7173";"5484";"5784";"6051";"8928";"2059";"9140";"2626";"7654";"9265";"4697";"6184";"5075";"8400";"9801";"5285";"667";"7678";"7211";"9658";"245";"9547";"3554";"1855";"1123";"870";"2090";"439";"4941";"1427";"7127";"1432";"1752";"8728";"9924";"7223";"1462";"9581";"8439";"4674";"1214";"1406";"5757";"6628";"9822";"8750";"4541";"3547";"2828";"2977";"7355";"4496";"4296"
"5596";"5198";"9192";"3926";"8209";"9093";"5331";"582";"4534";"2083";"7925";"5835";"2472";"1462";"9854";"3601";"6703";"3603";"5358";"4484";"4759";"6210";"690";"5908";"2054";"5349";"8643";"1631";"3842";"7101";"6175";"6740";"4563";"6170";"6845";"6720";"7550";"6304";"2289";"1683";"572";"9869";"9437";"9363";"5169";"6404";"2715";"2962";"257";"2532";"2922";"2443";"2971";"8037";"7025";"363";"2212";"5476";"5577";"5845";"2866";"3155";"6983";"2774";"1168";"3820";"327";"814";"4178";"3908";"985";"351";"8832";"689";"5739";"4932";"8550";"7161";"6613";"7317";"7852";"7032";"5144";"7725";"7969";"4627";"1320";"5373";"8905";"7079";"3884";"6895";"5920";"8631";"1241";"7745";"914";"9409";"4680";"5171"
"1662";"3495";"8122";"3851";"4387";"3652";"1130";"7795";"7629";"2549";"4382";"4595";"7882";"2813";"9334";"624";"9963";"773";"6295";"8281";"7596";"1221";"7630";"8861";"2160";"3050";"5301";"7162";"83";"8100";"4477";"6411";"1850";"8061";"7434";"4604";"8088";"6777";"4443";"5861";"701";"7793";"890";"2879";"9519";"9495";"2329";"9086";"7442";"2674";"1699";"1585";"9529";"7871";"5413";"8480";"4020";"2338";"7544";"6687";"5739";"8966";"3825";"8809";"4874";"2011";"9687";"186";"6572";"6984";"9041";"9695";"9341";"4521";"3034";"412";"2718";"600";"501";"8717";"7177";"7937";"4313";"2940";"1730";"5905";"361";"5146";"7216";"8828";"8384";"2139";"5729";"4982";"6360";"4299";"9146";"1153";"2677";"3330"
"2253";"104";"2817";"2518";"8406";"770";"9745";"5589";"8217";"3560";"9752";"2776";"4221";"5574";"7948";"5159";"7003";"3106";"134";"908";"748";"1259";"267";"9493";"8678";"3032";"5248";"2469";"1358";"2703";"1232";"1927";"3329";"870";"8197";"208";"6036";"982";"1982";"6966";"7531";"9712";"5516";"2180";"1907";"6005";"3450";"6207";"3938";"6161";"6923";"473";"6893";"4776";"7670";"4882";"3994";"3907";"3191";"563";"6485";"5283";"7211";"9021";"3777";"2925";"2138";"1299";"3649";"6005";"2738";"3251";"2960";"4297";"2756";"5502";"1851";"1053";"8692";"9210";"6903";"665";"7451";"1201";"1212";"931";"7098";"4592";"1868";"2302";"2416";"3484";"7783";"8921";"9505";"2815";"3358";"8815";"6129";"6982"
"5947";"3094";"7036";"3310";"7583";"6465";"5970";"8973";"3949";"3951";"8580";"2447";"6048";"1118";"2971";"3112";"2547";"7682";"7092";"5069";"3269";"6820";"4687";"3787";"6788";"5050";"4035";"6666";"7612";"9996";"6188";"1102";"912";"5909";"1931";"6166";"5262";"9272";"9183";"6476";"6378";"9336";"5052";"9354";"7304";"928";"9269";"8879";"3020";"9392";"8221";"2912";"9948";"9970";"1295";"1688";"3318";"6513";"3753";"9089";"7862";"6827";"2865";"162";"9807";"4519";"6508";"998";"638";"9680";"5955";"9554";"5598";"3250";"7076";"8524";"2385";"2409";"6660";"3835";"8036";"6831";"3087";"4877";"4440";"8165";"3065";"5055";"5474";"7555";"8645";"3756";"1210";"8574";"1244";"3322";"7177";"5395";"1884";"7139"
"9136";"8556";"9375";"7405";"6347";"3145";"652";"3705";"8784";"6778";"9992";"5965";"6279";"7177";"6323";"7879";"58";"1727";"352";"9416";"9635";"3829";"5726";"9491";"541";"3409";"936";"2396";"848";"1419";"1207";"4080";"6960";"674";"2063";"6882";"1648";"7877";"8811";"3804";"9776";"4162";"8643";"5914";"9717";"4012";"4591";"8985";"897";"4884";"3043";"7951";"463";"2396";"9041";"280";"4521";"8413";"6086";"1857";"1926";"1875";"9657";"1470";"1097";"4715";"6173";"2498";"2802";"7707";"1615";"2880";"4418";"3594";"6524";"6980";"3596";"7325";"6588";"5422";"1835";"5768";"554";"1501";"902";"1720";"9670";"5261";"7596";"9569";"5370";"8830";"4802";"2456";"4444";"9111";"9313";"3265";"3386";"6418"
"9394";"4306";"6158";"152";"7547";"3011";"2075";"5120";"6447";"3511";"3038";"4570";"8529";"6421";"1836";"8559";"2176";"1674";"5721";"8730";"9996";"1770";"1994";"3102";"7143";"5260";"4811";"6964";"157";"2818";"4919";"8465";"9289";"746";"6565";"9993";"9782";"9257";"8269";"8945";"80";"5373";"6701";"3968";"7418";"2787";"5368";"5277";"3790";"3534";"2334";"138";"7729";"8813";"3697";"7111";"9902";"8793";"2030";"5143";"2959";"3773";"1516";"6118";"8632";"1511";"3990";"1933";"7524";"8084";"2610";"9724";"9585";"2116";"2365";"1310";"5724";"4719";"9162";"5463";"3532";"9987";"1682";"4095";"2587";"3401";"2747";"5954";"7310";"7964";"9406";"3922";"7831";"434";"3455";"4514";"1851";"2487";"6623";"659"
"2953";"4149";"7132";"1382";"3336";"9357";"6850";"4446";"1447";"5975";"761";"579";"7469";"5122";"2967";"363";"2141";"7145";"5946";"7384";"6880";"4091";"2275";"3729";"5664";"1015";"543";"6443";"1656";"968";"9681";"6014";"4033";"1014";"8402";"499";"2987";"9114";"9007";"1382";"3371";"4221";"7237";"9746";"9950";"4436";"2423";"3865";"9745";"561";"4624";"1810";"9408";"4898";"8003";"5149";"8132";"7632";"2122";"2354";"9035";"5653";"5414";"2995";"4507";"1149";"7518";"6312";"3473";"9815";"9719";"282";"1059";"1027";"5198";"9740";"3608";"4833";"3315";"4677";"4533";"3072";"4646";"2296";"8969";"4513";"5989";"8922";"7690";"6309";"7061";"352";"3260";"6650";"3103";"1758";"3900";"5931";"107";"715"
"3011";"6291";"1899";"9465";"4858";"1872";"779";"4993";"9352";"4621";"5941";"8031";"1421";"3007";"6405";"4565";"2921";"3473";"7663";"5945";"7573";"6978";"3763";"6195";"1885";"5471";"9060";"7614";"7519";"5640";"6329";"8258";"3098";"9783";"494";"7405";"5894";"6137";"9648";"7594";"6377";"3516";"7628";"4318";"1106";"7601";"4827";"6995";"1901";"8721";"6484";"7273";"1801";"3475";"161";"3302";"741";"5034";"6628";"1031";"6452";"9466";"877";"6145";"8514";"7936";"2478";"2736";"6074";"7113";"7003";"7288";"2157";"2640";"2735";"9084";"66";"2994";"9368";"618";"9830";"3603";"7945";"4115";"5170";"3542";"3720";"2746";"3946";"9663";"6184";"7632";"7567";"5502";"2972";"4239";"7319";"4800";"6860";"4243"
"8089";"1997";"7576";"1475";"2447";"4521";"2652";"3029";"561";"4235";"4018";"9125";"3909";"7876";"9570";"7837";"3260";"8830";"1435";"3255";"3893";"5092";"5132";"8198";"3514";"749";"6368";"5059";"854";"834";"4678";"872";"5409";"1890";"5628";"5214";"1284";"3093";"5802";"2012";"631";"5278";"7294";"8863";"4619";"7700";"912";"9960";"2434";"4893";"9833";"1214";"1262";"8456";"7909";"8665";"2726";"1115";"9349";"3778";"3743";"2902";"9002";"1723";"2285";"1801";"4951";"1218";"987";"3698";"7637";"7048";"4099";"8983";"2247";"8834";"5724";"5642";"3557";"2165";"9833";"1193";"4974";"667";"5011";"8300";"5985";"125";"9414";"1412";"4733";"8228";"3889";"4273";"4935";"6052";"3750";"644";"8869";"9857"
"2155";"3081";"642";"4307";"568";"7115";"6460";"698";"4269";"675";"1122";"6284";"3380";"1098";"2446";"3311";"2380";"4573";"7859";"8827";"3572";"5360";"9866";"8897";"2477";"4625";"9608";"3272";"5618";"1241";"237";"9156";"3668";"9396";"4330";"5116";"5422";"348";"2046";"8769";"580";"8179";"9256";"4310";"1781";"1882";"7370";"8499";"8890";"8632";"9062";"6177";"976";"5586";"6627";"8926";"3974";"41";"2185";"2953";"4486";"320";"1443";"4799";"2688";"2202";"5251";"5959";"9828";"8261";"5648";"19";"8263";"9940";"5638";"8390";"4522";"4726";"4399";"3243";"8343";"3240";"2157";"8735";"3182";"3620";"1427";"4116";"6129";"3009";"3861";"4820";"7729";"8513";"4403";"123";"4658";"2465";"6980";"8474"
"731";"9338";"8442";"4075";"4208";"4151";"9978";"826";"1870";"4715";"7716";"2209";"2824";"2564";"6736";"8219";"7528";"9901";"5205";"2922";"9969";"2424";"7863";"8753";"3506";"360";"567";"6125";"3303";"2557";"128";"9458";"861";"972";"6135";"3222";"8584";"5409";"4018";"4079";"4873";"844";"1035";"7721";"2698";"2180";"9424";"1502";"7132";"3773";"3435";"6457";"9806";"3588";"9448";"4792";"755";"4308";"915";"1454";"628";"6255";"2334";"861";"8727";"9458";"8965";"2400";"4842";"4719";"1532";"765";"5361";"6012";"7602";"9757";"6609";"9069";"3879";"616";"895";"3488";"6120";"8489";"3231";"8209";"5904";"3130";"9198";"2709";"5959";"2418";"6921";"8744";"8270";"9794";"8620";"3";"1701";"9205"
"9714";"9492";"8324";"3655";"5947";"7023";"195";"5953";"1487";"1618";"786";"2745";"3498";"6201";"7795";"5442";"1116";"4401";"6553";"4118";"9336";"1821";"5740";"2981";"749";"6615";"9640";"8518";"611";"6714";"3645";"3889";"3214";"3545";"2230";"5679";"20";"4589";"1121";"1601";"2540";"9622";"7864";"233";"5403";"7978";"7527";"6398";"7616";"6684";"2746";"8261";"2452";"1809";"9834";"4763";"8962";"7864";"5177";"4457";"554";"2610";"8626";"9362";"8635";"7102";"3117";"9921";"1757";"3329";"2221";"9648";"3258";"4280";"9863";"579";"2855";"3786";"8912";"3093";"165";"5985";"7864";"6224";"610";"6744";"7345";"7040";"6689";"1895";"647";"186";"84";"9612";"5010";"1189";"2555";"6792";"2882";"9622"
"6110";"1767";"4865";"700";"5411";"8198";"8565";"6437";"7879";"7502";"80";"9920";"9482";"9636";"7321";"8825";"6656";"4604";"6910";"6744";"7344";"9516";"8846";"3438";"6616";"8550";"5689";"7592";"4830";"5651";"5456";"8179";"8817";"2332";"9955";"3016";"9053";"5389";"2781";"5618";"8282";"1907";"3690";"3930";"9563";"1376";"8564";"7039";"4216";"7271";"6696";"8464";"2620";"2944";"9602";"7103";"3348";"9158";"8090";"9448";"8599";"3122";"6799";"9145";"6395";"1362";"7925";"2513";"2518";"1272";"8355";"1091";"7650";"8691";"6933";"4827";"7687";"1351";"1068";"1998";"7698";"537";"4403";"4444";"2489";"5800";"9774";"9227";"9257";"78";"4169";"290";"281";"5052";"4903";"6231";"6142";"9099";"8739";"2765"
"2419";"2670";"8161";"979";"5352";"8446";"1532";"4975";"4415";"6112";"6340";"4990";"2292";"4096";"7260";"4587";"5209";"3112";"3254";"3011";"9103";"8857";"415";"6310";"9578";"3696";"9791";"3303";"6137";"9693";"1893";"5000";"3655";"7817";"2106";"8561";"6540";"675";"3741";"9391";"3588";"8617";"7920";"7459";"3967";"1551";"2030";"6448";"7317";"1315";"961";"6814";"3427";"1949";"7846";"6353";"9471";"7715";"3518";"4382";"5243";"1199";"6414";"8104";"9401";"6349";"7127";"2275";"2144";"3784";"4345";"5750";"2329";"8230";"1378";"1005";"9477";"411";"5005";"5243";"3629";"8249";"850";"4150";"8552";"4715";"2013";"1923";"6224";"2177";"169";"3647";"3102";"5579";"860";"8619";"1117";"9309";"7192";"5713"
"8876";"5086";"8658";"4382";"1043";"722";"4314";"7385";"6353";"2091";"2008";"3840";"7246";"3161";"7904";"3689";"6579";"1421";"2998";"7178";"9381";"8555";"5861";"5433";"136";"8701";"3322";"743";"8542";"9148";"3301";"7624";"9232";"801";"6530";"8276";"3414";"8267";"6362";"8512";"2909";"1911";"8396";"2766";"9548";"6704";"4139";"9259";"5394";"5239";"5414";"8933";"1770";"4727";"8743";"4230";"7552";"339";"1420";"6329";"9699";"9722";"3486";"1912";"1485";"6054";"2339";"3073";"6408";"9451";"9185";"6455";"8243";"9098";"9054";"203";"197";"937";"8601";"9843";"8662";"8248";"8405";"6660";"9495";"4981";"8994";"4687";"7334";"4172";"2306";"4889";"889";"6294";"2808";"7639";"9693";"4878";"4994";"7074"
"275";"9261";"6478";"3438";"2229";"6787";"8401";"1990";"7137";"9327";"7368";"9580";"5831";"1434";"5647";"2487";"1947";"8";"8824";"1606";"2251";"7789";"2663";"3589";"6696";"5532";"3360";"9022";"3692";"211";"7937";"1235";"8543";"9092";"3969";"1845";"5526";"2018";"385";"1622";"6591";"6744";"3550";"7766";"2129";"4687";"5346";"1197";"1795";"6907";"2476";"9947";"5851";"2682";"8706";"7253";"9986";"5510";"4269";"5436";"9103";"3897";"9140";"9167";"8021";"6747";"9413";"4212";"9573";"5735";"8486";"250";"3065";"9467";"7287";"8853";"8565";"6806";"241";"230";"4990";"9183";"6223";"4826";"2463";"4249";"6181";"8359";"1904";"5711";"1689";"1410";"7325";"6686";"1107";"7139";"8802";"6433";"2600";"3234"
"6591";"2792";"5717";"6681";"9346";"5180";"5750";"2448";"1930";"5493";"7601";"9684";"764";"6745";"8368";"1515";"7200";"1797";"365";"7043";"1878";"7022";"8808";"6630";"5539";"8237";"873";"4075";"4259";"8764";"5351";"1761";"9581";"1947";"4619";"7378";"6502";"2974";"3142";"3317";"4796";"7360";"9227";"2311";"1630";"5912";"9249";"5444";"5952";"8538";"6066";"1097";"7616";"1736";"5844";"5940";"6708";"7112";"3";"1557";"1045";"761";"1516";"2799";"2327";"5864";"7267";"6463";"3883";"3346";"697";"1379";"5516";"7923";"1449";"3519";"3382";"9407";"1231";"2195";"5394";"1588";"7625";"5968";"5110";"3553";"48";"9337";"9576";"780";"4596";"3820";"9097";"5849";"6978";"9512";"9392";"1116";"5266";"5710"
"9119";"8198";"6682";"1713";"8226";"1604";"5132";"1374";"5098";"6359";"8714";"7512";"2981";"1973";"8911";"4762";"8629";"7580";"5700";"1977";"8668";"5618";"5280";"7760";"1629";"3861";"9650";"5218";"6122";"8178";"9752";"4552";"8122";"840";"6392";"4550";"2840";"1732";"5669";"6598";"9135";"2305";"8125";"7289";"6948";"4622";"3327";"8238";"726";"329";"4112";"4172";"4291";"6907";"7215";"2924";"5141";"1038";"9479";"3393";"8643";"1436";"1393";"78";"5085";"5988";"2155";"5281";"5056";"542";"2987";"2567";"1129";"9186";"7927";"7583";"6314";"8372";"3806";"4813";"2236";"9719";"3628";"1388";"2531";"8836";"91";"1520";"9411";"23";"8440";"7669";"3865";"9178";"389";"7033";"2483";"9763";"3330";"4451"
"6351";"9175";"1541";"5317";"2";"5350";"8611";"4600";"876";"5967";"2812";"560";"2272";"5074";"9623";"4249";"5259";"4499";"8133";"8408";"7499";"9868";"540";"1833";"9475";"3600";"6468";"7818";"1070";"9694";"6308";"7761";"3986";"7680";"320";"3536";"7954";"5554";"2701";"4709";"1214";"4055";"2343";"9209";"8233";"7127";"4503";"8536";"124";"5897";"92";"1108";"5748";"6032";"1819";"9830";"3944";"805";"8894";"2490";"9885";"4715";"4511";"6071";"1002";"5010";"2843";"8572";"468";"956";"4750";"4431";"8690";"3192";"3924";"2145";"5793";"8013";"7704";"5185";"558";"3936";"9254";"9794";"3780";"378";"347";"5759";"6525";"802";"6458";"8762";"6244";"5166";"8391";"5394";"6219";"9025";"7161";"4428"
"6306";"9125";"1344";"444";"5446";"7839";"8615";"8409";"8914";"1278";"5696";"288";"5773";"8430";"3436";"7296";"4498";"1176";"6225";"3877";"7249";"7504";"7484";"2006";"5748";"2794";"5432";"6902";"4242";"6491";"5856";"7761";"7514";"4034";"1101";"9584";"4405";"6365";"7004";"4700";"9834";"1870";"1978";"5094";"763";"8099";"4984";"9102";"4089";"3103";"1585";"8598";"6932";"8734";"9829";"5246";"2277";"752";"151";"6920";"5456";"3081";"6040";"7888";"9417";"6063";"4668";"8840";"9272";"1044";"9212";"5373";"9075";"6147";"7082";"6008";"6303";"568";"777";"3355";"2019";"7242";"592";"4490";"7168";"6219";"877";"9165";"7993";"3600";"4092";"6933";"6025";"3375";"9358";"6780";"622";"1997";"4726";"5361"
"4534";"8055";"4892";"2436";"5439";"1870";"8569";"4592";"8950";"2370";"2226";"855";"1035";"1082";"9440";"6279";"335";"5592";"7548";"2102";"3339";"7303";"5836";"3580";"7896";"856";"1985";"9064";"3019";"5028";"5984";"6450";"5457";"7486";"3228";"5558";"6010";"8209";"1033";"7563";"1041";"8942";"5271";"5057";"7167";"8517";"6356";"8845";"9589";"6392";"6289";"52";"7039";"9234";"989";"8655";"8799";"7917";"4628";"2025";"1776";"4756";"5184";"9567";"8091";"3330";"2933";"2061";"6154";"5738";"6098";"6794";"696";"4628";"385";"2074";"9725";"9851";"1597";"7228";"8872";"2066";"3081";"6666";"6100";"8169";"2193";"9112";"2243";"5855";"2526";"5602";"5345";"7184";"1101";"2327";"9265";"3485";"2253";"6925"
"9515";"6438";"2422";"9316";"1814";"2681";"2571";"674";"1300";"1789";"7453";"6621";"2902";"9967";"3436";"3250";"5807";"4294";"9120";"7058";"7518";"4873";"5447";"2393";"5458";"4723";"4538";"2503";"6590";"9758";"8966";"2784";"8023";"3697";"5690";"7315";"4076";"5256";"1365";"2281";"7766";"7446";"8242";"2375";"7182";"1352";"2397";"8770";"9729";"9199";"8472";"9758";"9696";"4083";"7692";"7649";"7128";"6192";"8330";"8023";"8458";"7860";"380";"9931";"1885";"2309";"8622";"8133";"2946";"3417";"832";"976";"8276";"6343";"317";"9995";"7995";"1387";"4536";"9844";"9716";"5880";"3984";"9632";"9632";"1500";"8093";"9280";"8650";"6812";"7346";"6972";"4044";"7408";"3334";"6314";"9591";"8474";"967";"4270"
"9668";"7133";"9569";"3496";"5266";"4407";"2061";"5146";"2404";"9142";"3960";"749";"5897";"8742";"6421";"4258";"3958";"4047";"13";"7850";"1599";"8214";"8483";"7592";"3301";"1927";"4199";"7537";"7913";"9797";"9507";"3380";"1266";"5280";"707";"9235";"4453";"3969";"3886";"3645";"8256";"7595";"4305";"3417";"6685";"3592";"3579";"6368";"5091";"7552";"1345";"6582";"834";"8433";"670";"8278";"6967";"8848";"8878";"6860";"1903";"5292";"8053";"8275";"546";"5640";"1904";"242";"4833";"3768";"8238";"1469";"4177";"3630";"8739";"7437";"8774";"7648";"286";"3852";"1229";"6752";"4517";"1353";"4492";"1912";"4868";"7585";"6557";"9506";"2804";"5200";"4896";"5376";"7449";"6922";"6097";"4902";"5351";"1223"
"8686";"8951";"9593";"4749";"9575";"8036";"9961";"54";"7136";"9530";"8402";"9755";"6348";"5287";"6484";"697";"3993";"9499";"4070";"4222";"4372";"9146";"942";"1131";"8505";"1875";"5570";"2444";"2288";"8660";"7772";"9540";"1573";"1069";"4459";"9772";"4639";"5509";"200";"6168";"5029";"9267";"6817";"2280";"210";"5705";"8734";"5804";"4038";"8449";"3298";"7055";"3490";"6915";"7786";"881";"2627";"8021";"7321";"3123";"9268";"1414";"419";"5211";"2334";"8078";"1375";"2984";"340";"4651";"1219";"8338";"3988";"8293";"1452";"4784";"8354";"9459";"7287";"521";"2610";"2422";"9607";"5107";"7774";"5871";"7365";"8336";"5441";"8450";"4641";"2394";"2969";"6571";"9078";"911";"3094";"4345";"911";"984"
"8429";"7972";"4310";"6776";"3832";"9448";"5261";"5782";"2102";"6910";"2693";"1349";"971";"1486";"2082";"7556";"1864";"2973";"3236";"5038";"3403";"9206";"6498";"8850";"5104";"6445";"4065";"1970";"9255";"637";"5668";"528";"1439";"1886";"297";"9353";"2661";"6980";"8227";"8945";"8559";"7325";"35";"7449";"3666";"2114";"1841";"3737";"1186";"9091";"8490";"184";"1255";"7739";"8890";"6239";"3166";"2256";"227";"6377";"9503";"4133";"278";"8530";"2685";"6713";"9535";"1595";"6854";"6541";"7366";"3100";"608";"8875";"8925";"635";"8522";"7186";"2032";"3140";"1942";"8997";"5747";"629";"2018";"2906";"4850";"3467";"430";"4128";"6943";"4773";"5805";"8415";"1406";"2059";"6262";"6682";"1911";"6684"
"1074";"5191";"6725";"2229";"6915";"8640";"3507";"5379";"6644";"5988";"7833";"5413";"1121";"1374";"7159";"884";"6994";"4969";"4440";"4595";"5954";"1094";"8123";"459";"3409";"3472";"7746";"8340";"7046";"9925";"6843";"5459";"8264";"1396";"7381";"5472";"1927";"2605";"2457";"8809";"2423";"4211";"6456";"360";"6488";"8807";"4410";"3115";"5766";"5596";"4752";"8840";"4574";"1093";"2207";"9391";"843";"5699";"26";"4755";"696";"8484";"3279";"6414";"9648";"5027";"7444";"7125";"5873";"5661";"8981";"708";"3528";"3955";"7143";"7940";"6594";"7789";"8714";"7145";"6201";"7862";"9913";"576";"6910";"968";"2169";"179";"9918";"7898";"1001";"8841";"3652";"8302";"9700";"5701";"4732";"7362";"2054";"6639"
"4762";"1605";"819";"3516";"908";"3723";"1167";"8268";"766";"8720";"817";"453";"4444";"6250";"1077";"9333";"9362";"6470";"5512";"4094";"5725";"9276";"5462";"8292";"3132";"9234";"4117";"7127";"1303";"1086";"3382";"8624";"384";"3142";"239";"2331";"8798";"8427";"1833";"1618";"9117";"5905";"997";"8176";"4922";"6645";"6432";"9798";"4111";"2257";"4271";"5059";"6637";"5447";"228";"960";"7139";"5037";"4073";"2156";"5429";"289";"631";"2842";"312";"1882";"4041";"4904";"4709";"9384";"4475";"8418";"2539";"7555";"9060";"3104";"345";"6342";"1197";"1813";"9119";"1892";"5012";"9655";"4309";"8433";"4151";"4850";"4457";"3376";"6642";"9908";"1459";"468";"37";"4216";"7899";"8341";"3557";"1645"
"9437";"4317";"6461";"9252";"2705";"5789";"4348";"5686";"1702";"4041";"7622";"377";"8131";"7843";"8832";"7119";"3675";"6658";"8113";"8126";"4648";"5823";"8429";"7158";"2023";"8526";"4863";"2821";"2280";"1942";"4651";"5618";"7058";"7356";"7190";"4861";"2071";"6630";"5731";"4025";"8264";"9848";"4986";"5644";"672";"1487";"1361";"9345";"2952";"4957";"5028";"9106";"8059";"7854";"5570";"8340";"8034";"2773";"5407";"3891";"8370";"1013";"7717";"2546";"4929";"9036";"8090";"6143";"3872";"9";"1610";"3883";"7585";"5276";"9604";"2927";"2048";"3106";"2758";"882";"3638";"4568";"9841";"6266";"5817";"8854";"3734";"5541";"8685";"2923";"8996";"7815";"6867";"2789";"7680";"806";"3688";"6301";"2623";"4152"
"2126";"9764";"9921";"8676";"5498";"3243";"4817";"2692";"3347";"1889";"7714";"8936";"512";"3136";"9528";"8237";"9829";"2111";"8119";"8507";"1451";"100";"9990";"140";"4248";"3413";"3997";"1432";"7254";"2498";"6279";"96";"1631";"3636";"8126";"9478";"6117";"8073";"1002";"564";"1438";"5928";"5451";"3369";"1635";"4713";"3098";"3808";"2784";"4822";"3456";"4639";"2086";"6830";"9779";"1566";"2773";"7931";"656";"8113";"2830";"7381";"6584";"5341";"7967";"3274";"3222";"5017";"1839";"5499";"5563";"7322";"8971";"2226";"9724";"6699";"8347";"9756";"1588";"1922";"8154";"8090";"4006";"8993";"4627";"7049";"6784";"7952";"484";"298";"6176";"7198";"897";"7113";"3090";"1411";"7495";"4235";"1736";"1678"
"3342";"2658";"2938";"8902";"4377";"6689";"8817";"4100";"5272";"5130";"8069";"1680";"189";"6922";"3561";"4285";"1394";"6096";"6459";"313";"1201";"3373";"3609";"7687";"5218";"4259";"7383";"9983";"7358";"5980";"9726";"3505";"9584";"8093";"4596";"6398";"1868";"4130";"5547";"3405";"313";"4105";"7642";"2337";"3922";"234";"5446";"883";"2984";"719";"1288";"4819";"4528";"8923";"535";"1241";"2838";"7794";"3082";"2893";"5478";"1877";"2782";"2194";"7806";"1755";"9037";"6058";"1440";"8270";"7260";"5099";"4656";"6357";"7440";"3309";"5169";"847";"2516";"6814";"8279";"9071";"785";"2797";"5850";"7621";"9068";"2174";"4084";"3097";"5833";"2130";"562";"9200";"6025";"7099";"3528";"4999";"1791";"9287"
"8867";"1733";"5836";"2326";"2768";"7969";"6627";"4162";"524";"5487";"7157";"7760";"4441";"711";"1499";"730";"6333";"9045";"5851";"7458";"2562";"1954";"3316";"9843";"2095";"9129";"4107";"5233";"553";"589";"5420";"2647";"5705";"6052";"7684";"886";"2396";"1431";"6397";"4623";"7364";"4789";"1288";"7060";"6913";"6604";"7006";"257";"2923";"1680";"2062";"6720";"5160";"2556";"5242";"8335";"344";"6751";"1210";"1260";"964";"2692";"9519";"7854";"9292";"1664";"3746";"9234";"4570";"5637";"9977";"4572";"3847";"3293";"6356";"5708";"9418";"9123";"7915";"8175";"8349";"2919";"3405";"2244";"2049";"9503";"3353";"65";"6358";"1060";"1051";"7505";"5128";"6884";"712";"1782";"2746";"7915";"9493";"8482"
"3599";"5888";"2624";"4049";"8912";"9443";"3343";"2356";"3963";"2046";"1867";"6435";"1120";"9058";"120";"8971";"6679";"3799";"1422";"7649";"1967";"4953";"6874";"3946";"1689";"145";"2654";"6463";"4969";"3055";"4930";"2400";"7075";"3894";"1628";"3247";"2280";"5594";"2759";"3311";"835";"556";"3535";"2145";"5528";"5301";"6976";"4497";"5782";"2855";"5253";"3861";"9782";"5237";"1457";"8218";"7576";"864";"6034";"9081";"642";"4242";"4592";"7410";"5872";"7767";"6308";"2517";"4452";"8002";"4649";"2537";"8602";"1245";"4619";"7570";"1643";"5758";"3273";"9075";"9373";"488";"2683";"1627";"3195";"2624";"7109";"5615";"7997";"8835";"8570";"1980";"226";"7537";"7544";"2595";"4142";"2028";"8016";"2364"
"6712";"6833";"8584";"1654";"4112";"2109";"3856";"130";"5320";"3446";"2843";"5613";"745";"6922";"3577";"4034";"6379";"1731";"5667";"9083";"6442";"5256";"5011";"2658";"9967";"7911";"7385";"9691";"9322";"7604";"135";"3452";"1123";"6159";"3671";"9937";"2497";"2551";"7009";"2402";"8193";"288";"4048";"9677";"6474";"8785";"9835";"4321";"4291";"1082";"8505";"9227";"4683";"2734";"7138";"3771";"1888";"9240";"2242";"3091";"2128";"1827";"8077";"6601";"531";"3956";"8547";"4319";"7169";"3381";"6876";"2120";"7677";"7112";"9785";"9489";"6418";"9115";"5386";"5887";"2665";"3107";"6523";"4307";"2771";"5282";"3764";"3128";"3797";"4305";"4776";"9845";"6558";"8436";"9288";"2784";"8563";"2107";"1378";"9389"
"9820";"6814";"3285";"2172";"6971";"3653";"7476";"5925";"3715";"7352";"6190";"2284";"8019";"4145";"155";"241";"9041";"8318";"733";"3699";"9282";"4795";"2178";"9659";"9890";"7577";"3245";"3135";"9626";"6404";"9864";"7392";"426";"6473";"3094";"605";"5051";"8553";"9081";"2520";"4786";"9346";"239";"7222";"7651";"4436";"9365";"601";"108";"8668";"918";"3607";"7710";"1305";"6170";"4895";"2686";"5800";"1455";"8940";"8910";"6540";"1236";"8228";"7241";"7384";"194";"621";"6677";"9359";"1086";"5464";"9329";"7352";"7557";"4567";"9642";"8132";"3650";"6616";"868";"4562";"4227";"6132";"4233";"3334";"3006";"572";"8786";"6065";"7457";"1644";"2386";"6120";"2254";"9456";"6802";"5983";"5508";"576"
"2391";"2526";"4512";"3604";"329";"29";"198";"8342";"2853";"3286";"2037";"7171";"4498";"5639";"7595";"9710";"9781";"9290";"3471";"4363";"5313";"7734";"6821";"2847";"6805";"2652";"9211";"6288";"3928";"110";"6986";"3987";"8515";"3412";"4907";"8442";"4048";"2445";"2247";"2725";"6926";"1861";"3083";"8810";"2457";"2941";"4993";"7934";"1067";"6486";"2880";"6600";"2672";"6578";"7148";"4306";"9699";"7550";"7931";"1595";"1718";"9012";"9615";"9523";"7150";"6286";"2355";"4137";"31";"6074";"9823";"2051";"2283";"9724";"4879";"5729";"4486";"8918";"7418";"9552";"586";"1142";"1082";"269";"4548";"4774";"8071";"7933";"9384";"6135";"3770";"5902";"1553";"3342";"5408";"1012";"6183";"4318";"1469";"7504"
"1104";"8795";"1072";"810";"132";"6651";"5045";"9783";"8604";"7427";"2904";"8469";"6612";"8383";"2455";"1014";"7907";"905";"1254";"5798";"4955";"7635";"1614";"7393";"3093";"5159";"3414";"7436";"9279";"9589";"1392";"8015";"3374";"4895";"6174";"3650";"2456";"6320";"734";"482";"1116";"3731";"6511";"3748";"3202";"2242";"5910";"7135";"2998";"9958";"391";"126";"6288";"5183";"5881";"1905";"4284";"7928";"9708";"2936";"5884";"3083";"5800";"7797";"6229";"5064";"7341";"5374";"2025";"6319";"8628";"4994";"6604";"4498";"333";"9604";"193";"5656";"4886";"9587";"3348";"3331";"1210";"3299";"4041";"5819";"519";"2934";"1348";"6523";"7402";"6806";"1228";"4691";"2900";"1635";"2340";"6402";"8813";"942"
"2385";"8141";"4943";"8140";"7934";"7802";"3496";"5413";"3204";"471";"7357";"1983";"5769";"8823";"1466";"7854";"9654";"489";"9010";"1631";"8792";"7220";"6635";"3498";"6320";"3211";"5430";"6968";"7657";"2413";"6864";"5470";"7868";"7185";"5424";"2401";"6251";"3126";"2154";"5704";"3636";"7436";"5826";"590";"352";"643";"951";"6486";"5347";"4045";"4363";"6802";"9403";"7705";"4578";"2622";"7949";"6348";"659";"3893";"1412";"3009";"9799";"4231";"3584";"2756";"5349";"7912";"984";"1356";"9496";"164";"8669";"6209";"7328";"4334";"470";"9406";"1483";"2045";"4121";"5247";"9123";"4913";"4248";"7067";"5436";"8940";"8690";"711";"388";"5163";"6119";"4506";"7953";"2652";"5425";"8066";"9525";"2464"
"9841";"4786";"5740";"3634";"1267";"5353";"3429";"4795";"2777";"2130";"6913";"7537";"9760";"6758";"5363";"82";"2676";"5803";"440";"2374";"6894";"1816";"949";"6186";"7572";"9627";"3693";"6318";"66";"233";"2292";"1506";"8812";"7117";"8135";"6114";"173";"2337";"227";"6209";"7208";"2243";"3125";"6125";"6828";"5150";"4688";"4085";"2320";"5817";"7859";"8001";"6696";"4086";"3204";"5028";"4848";"7503";"1418";"971";"4960";"282";"7521";"8142";"2168";"3454";"962";"2759";"9913";"3538";"8350";"5472";"6980";"9578";"8033";"1129";"671";"899";"8235";"6356";"9089";"418";"2986";"6054";"8012";"850";"2548";"2410";"303";"3668";"7557";"2507";"8345";"3141";"8615";"3132";"2462";"310";"5535";"3879"
"793";"4237";"2959";"2131";"8591";"373";"1580";"6024";"7414";"8391";"6671";"3982";"7178";"4321";"8152";"1922";"6540";"4344";"8906";"1711";"9576";"67";"570";"6981";"9236";"7649";"8506";"4894";"527";"5604";"196";"4944";"8900";"8622";"3744";"8393";"1819";"7274";"5744";"4441";"3967";"5913";"196";"1709";"9061";"3649";"2714";"6151";"3756";"5707";"6736";"8963";"1587";"5045";"949";"601";"7434";"6548";"9660";"9499";"5479";"8660";"320";"6575";"6103";"9789";"4928";"9120";"9725";"9332";"4532";"168";"8017";"5664";"8539";"1938";"5494";"5929";"3064";"4443";"6922";"4989";"5025";"2857";"8536";"3360";"1218";"9733";"3518";"6488";"4071";"678";"4713";"210";"8313";"4554";"54";"9737";"5265";"1830"
"8651";"2005";"3984";"7149";"8037";"3743";"963";"4726";"5512";"96";"2622";"7656";"9077";"1143";"7293";"4739";"5906";"6170";"5931";"901";"8848";"8023";"3268";"9815";"3908";"2391";"3612";"9817";"4182";"9374";"8038";"6698";"8219";"7157";"2168";"9485";"3277";"162";"6260";"7786";"6436";"6490";"1842";"1804";"9044";"2028";"1589";"8613";"2460";"1044";"1675";"782";"5568";"5615";"8308";"5954";"7022";"8747";"2686";"8456";"7700";"8512";"1066";"6555";"1333";"3059";"9186";"1432";"3770";"8833";"2753";"6489";"3863";"6858";"8208";"8058";"1425";"4412";"497";"1136";"243";"1955";"7064";"6211";"6601";"7633";"9781";"5790";"6295";"4228";"9035";"1720";"5604";"5872";"6694";"6887";"4179";"4386";"7172";"7404"
"330";"7578";"8299";"3860";"1674";"4353";"6235";"2745";"6606";"3967";"1128";"1625";"4581";"9282";"2749";"4180";"5651";"6350";"7808";"3680";"2248";"5190";"3189";"6013";"8666";"9079";"1802";"5838";"6223";"2222";"288";"1968";"4554";"8125";"283";"583";"2032";"3534";"7469";"7349";"753";"5272";"5128";"2051";"4081";"9811";"1408";"1834";"7205";"7947";"2041";"1633";"3683";"9395";"2711";"2898";"3445";"4665";"7800";"4207";"213";"4055";"4730";"9851";"8817";"6106";"5623";"4995";"5379";"368";"490";"8507";"5811";"1811";"8671";"7041";"631";"6735";"7752";"6478";"6530";"2510";"1664";"9316";"7685";"6013";"2195";"9092";"2278";"8069";"628";"5451";"2178";"3781";"8724";"5934";"6278";"1062";"769";"3092"
"439";"2226";"905";"8017";"9510";"5977";"2465";"3879";"9401";"9651";"8523";"5572";"9674";"4033";"5390";"4052";"9619";"5617";"3265";"6468";"3283";"3634";"760";"5681";"1428";"1702";"2528";"5255";"876";"6439";"1700";"8525";"4220";"7885";"1356";"2830";"5359";"9067";"1748";"2506";"8842";"4565";"2494";"6731";"3468";"415";"1467";"820";"3130";"190";"4576";"2057";"361";"4612";"3198";"3666";"556";"4524";"8430";"3008";"7332";"9590";"3928";"2601";"2006";"7531";"1513";"5054";"2649";"1285";"6288";"5518";"686";"3888";"470";"7728";"5523";"3461";"7670";"2257";"146";"3119";"1818";"8045";"3193";"3159";"7478";"831";"5433";"5363";"751";"4544";"1146";"1771";"2496";"4283";"7367";"2754";"8080";"1954"
"6451";"1740";"386";"8167";"9947";"6435";"5287";"6491";"4230";"8882";"1308";"8652";"876";"9198";"7707";"1774";"7242";"339";"7666";"1255";"5213";"3738";"5842";"5368";"8602";"8149";"1978";"192";"2151";"6550";"4791";"5950";"7620";"8450";"2875";"8363";"4919";"7432";"1810";"1105";"8764";"6297";"9222";"7956";"3810";"4625";"1994";"5744";"3752";"6121";"2359";"1676";"2333";"5577";"2085";"1144";"6765";"7795";"6478";"4603";"6490";"3324";"2412";"4619";"2789";"8336";"7117";"6670";"7179";"8507";"6939";"9811";"9079";"9230";"7781";"5771";"5720";"7009";"1459";"7608";"9747";"9382";"4686";"1488";"2509";"3210";"9895";"7691";"3479";"3685";"9634";"9450";"8795";"8883";"8738";"694";"4375";"7228";"1007";"6311"
